Date Time          ,Battery Voltage
2019-01-15 14:04:55,10.22
2019-01-15 14:05:07,10.36
2019-01-15 14:05:19,10.33
2019-01-15 14:05:31,10.3
2019-01-15 14:05:43,10.3
2019-01-15 14:05:55,10.29
2019-01-15 14:06:07,10.27
2019-01-15 14:06:19,10.24
2019-01-15 14:06:31,10.25
2019-01-15 14:06:43,10.24
2019-01-15 14:06:55,10.23
2019-01-15 14:07:07,10.23
2019-01-15 14:07:19,10.21
2019-01-15 14:07:31,10.19
2019-01-15 14:07:43,10.19
2019-01-15 14:07:55,10.17
2019-01-15 14:08:07,10.17
2019-01-15 14:08:19,10.15
2019-01-15 14:08:31,10.14
2019-01-15 14:08:43,10.16
2019-01-15 14:08:55,10.13
2019-01-15 14:09:07,10.12
2019-01-15 14:09:19,10.11
2019-01-15 14:09:31,10.12
2019-01-15 14:09:43,10.12
2019-01-15 14:09:55,10.11
2019-01-15 14:10:07,10.1
2019-01-15 14:10:19,10.08
2019-01-15 14:10:31,10.06
2019-01-15 14:10:43,10.08
2019-01-15 14:10:55,10.06
2019-01-15 14:11:07,10.06
2019-01-15 14:11:19,10.06
2019-01-15 14:11:31,10.06
2019-01-15 14:11:43,10.05
2019-01-15 14:11:55,10.04
2019-01-15 14:12:07,10.04
2019-01-15 14:12:19,10.04
2019-01-15 14:12:31,10.01
2019-01-15 14:12:43,10.02
2019-01-15 14:12:56,10.0
2019-01-15 14:13:08,10.01
2019-01-15 14:13:20,10.01
2019-01-15 14:13:32,9.97
2019-01-15 14:13:44,10.0
2019-01-15 14:13:56,9.99
2019-01-15 14:14:08,9.98
2019-01-15 14:14:20,9.96
2019-01-15 14:14:32,9.95
2019-01-15 14:14:44,9.97
2019-01-15 14:14:56,9.95
2019-01-15 14:15:08,9.93
2019-01-15 14:15:20,9.94
2019-01-15 14:15:32,9.93
2019-01-15 14:15:44,9.91
2019-01-15 14:15:56,9.93
2019-01-15 14:16:08,9.91
2019-01-15 14:16:20,9.9
2019-01-15 14:16:32,9.89
2019-01-15 14:16:44,9.88
2019-01-15 14:16:56,9.89
2019-01-15 14:17:08,9.88
2019-01-15 14:17:20,9.88
2019-01-15 14:17:32,9.87
2019-01-15 14:17:44,9.88
2019-01-15 14:17:56,9.88
2019-01-15 14:18:08,9.86
2019-01-15 14:18:20,9.86
2019-01-15 14:18:32,9.83
2019-01-15 14:18:44,9.84
2019-01-15 14:18:56,9.82
2019-01-15 14:19:08,9.82
2019-01-15 14:19:20,9.82
2019-01-15 14:19:32,9.83
2019-01-15 14:19:44,9.82
2019-01-15 14:19:56,9.82
2019-01-15 14:20:08,9.81
2019-01-15 14:20:20,9.8
2019-01-15 14:20:32,9.81
2019-01-15 14:20:44,9.82
2019-01-15 14:20:56,9.79
2019-01-15 14:21:08,9.79
2019-01-15 14:21:20,9.8
2019-01-15 14:21:32,9.78
2019-01-15 14:21:44,9.79
2019-01-15 14:21:56,9.76
2019-01-15 14:22:08,9.78
2019-01-15 14:22:20,9.77
2019-01-15 14:22:32,9.76
2019-01-15 14:22:44,9.77
2019-01-15 14:22:56,9.75
2019-01-15 14:23:08,9.74
2019-01-15 14:23:20,9.76
2019-01-15 14:23:32,9.75
2019-01-15 14:23:44,9.74
2019-01-15 14:23:56,9.73
2019-01-15 14:24:08,9.71
2019-01-15 14:24:20,9.72
2019-01-15 14:24:32,9.7
2019-01-15 14:24:44,9.71
2019-01-15 14:24:56,9.71
2019-01-15 14:25:08,9.71
2019-01-15 14:25:20,9.71
2019-01-15 14:25:32,9.65
2019-01-15 14:25:44,9.67
2019-01-15 14:25:56,9.69
2019-01-15 14:26:08,9.68
2019-01-15 14:26:20,9.68
2019-01-15 14:26:32,9.67
2019-01-15 14:26:44,9.67
2019-01-15 14:26:56,9.67
2019-01-15 14:27:09,9.67
2019-01-15 14:27:21,9.65
2019-01-15 14:27:33,9.65
2019-01-15 14:27:45,9.67
2019-01-15 14:27:57,9.65
2019-01-15 14:28:09,9.65
2019-01-15 14:28:21,9.65
2019-01-15 14:28:33,9.64
2019-01-15 14:28:45,9.65
2019-01-15 14:28:57,9.63
2019-01-15 14:29:09,9.63
2019-01-15 14:29:21,9.63
2019-01-15 14:29:33,9.63
2019-01-15 14:29:45,9.63
2019-01-15 14:29:57,9.62
2019-01-15 14:30:09,9.62
2019-01-15 14:30:21,9.62
2019-01-15 14:30:33,9.6
2019-01-15 14:30:45,9.59
2019-01-15 14:30:57,9.59
2019-01-15 14:31:09,9.59
2019-01-15 14:31:21,9.59
2019-01-15 14:31:33,9.58
2019-01-15 14:31:45,9.58
2019-01-15 14:31:57,9.57
2019-01-15 14:32:09,9.58
2019-01-15 14:32:21,9.57
2019-01-15 14:32:33,9.58
2019-01-15 14:32:45,9.57
2019-01-15 14:32:57,9.53
2019-01-15 14:33:09,9.55
2019-01-15 14:33:21,9.55
2019-01-15 14:33:33,9.54
2019-01-15 14:33:45,9.55
2019-01-15 14:33:57,9.53
2019-01-15 14:34:09,9.54
2019-01-15 14:34:21,9.55
2019-01-15 14:34:33,9.52
2019-01-15 14:34:45,9.52
2019-01-15 14:34:57,9.53
2019-01-15 14:35:09,9.53
2019-01-15 14:35:21,9.53
2019-01-15 14:35:33,9.52
2019-01-15 14:35:45,9.52
2019-01-15 14:35:57,9.52
2019-01-15 14:36:09,9.49
2019-01-15 14:36:21,9.5
2019-01-15 14:36:33,9.49
2019-01-15 14:36:45,9.49
2019-01-15 14:36:57,9.48
2019-01-15 14:37:09,9.48
2019-01-15 14:37:21,9.49
2019-01-15 14:37:33,9.48
2019-01-15 14:37:45,9.49
2019-01-15 14:37:57,9.48
2019-01-15 14:38:09,9.47
2019-01-15 14:38:21,9.47
2019-01-15 14:38:33,9.46
2019-01-15 14:38:45,9.47
2019-01-15 14:38:57,9.45
2019-01-15 14:39:09,9.46
2019-01-15 14:39:21,9.45
2019-01-15 14:39:33,9.45
2019-01-15 14:39:45,9.46
2019-01-15 14:39:57,9.44
2019-01-15 14:40:09,9.42
2019-01-15 14:40:21,9.46
2019-01-15 14:40:33,9.44
2019-01-15 14:40:45,9.41
2019-01-15 14:40:57,9.41
2019-01-15 14:41:09,9.43
2019-01-15 14:41:21,9.42
2019-01-15 14:41:33,9.43
2019-01-15 14:41:45,9.41
2019-01-15 14:41:57,9.42
2019-01-15 14:42:09,9.41
2019-01-15 14:42:21,9.41
2019-01-15 14:42:33,9.41
2019-01-15 14:42:45,9.41
2019-01-15 14:42:57,9.41
2019-01-15 14:43:09,9.4
2019-01-15 14:43:21,9.4
2019-01-15 14:43:33,9.38
2019-01-15 14:43:46,9.39
2019-01-15 14:43:58,9.4
2019-01-15 14:44:10,9.39
2019-01-15 14:44:22,9.38
2019-01-15 14:44:34,9.38
2019-01-15 14:44:46,9.37
2019-01-15 14:44:58,9.36
2019-01-15 14:45:10,9.37
2019-01-15 14:45:22,9.35
2019-01-15 14:45:34,9.37
2019-01-15 14:45:46,9.35
2019-01-15 14:45:58,9.35
2019-01-15 14:46:10,9.36
2019-01-15 14:46:22,9.36
2019-01-15 14:46:34,9.35
2019-01-15 14:46:46,9.33
2019-01-15 14:46:58,9.35
2019-01-15 14:47:10,9.35
2019-01-15 14:47:22,9.34
2019-01-15 14:47:34,9.33
2019-01-15 14:47:46,9.34
2019-01-15 14:47:58,9.35
2019-01-15 14:48:10,9.33
2019-01-15 14:48:22,9.34
2019-01-15 14:48:34,9.33
2019-01-15 14:48:46,9.33
2019-01-15 14:48:58,9.32
2019-01-15 14:49:10,9.32
2019-01-15 14:49:22,9.32
2019-01-15 14:49:34,9.32
2019-01-15 14:49:46,9.31
2019-01-15 14:49:58,9.32
2019-01-15 14:50:10,9.31
2019-01-15 14:50:22,9.31
2019-01-15 14:50:34,9.29
2019-01-15 14:50:46,9.3
2019-01-15 14:50:58,9.29
2019-01-15 14:51:10,9.29
2019-01-15 14:51:22,9.3
2019-01-15 14:51:34,9.29
2019-01-15 14:51:46,9.29
2019-01-15 14:51:58,9.28
2019-01-15 14:52:10,9.29
2019-01-15 14:52:22,9.29
2019-01-15 14:52:34,9.26
2019-01-15 14:52:46,9.27
2019-01-15 14:52:58,9.29
2019-01-15 14:53:10,9.27
2019-01-15 14:53:22,9.26
2019-01-15 14:53:34,9.28
2019-01-15 14:53:46,9.26
2019-01-15 14:53:58,9.28
2019-01-15 14:54:10,9.26
2019-01-15 14:54:22,9.26
2019-01-15 14:54:34,9.25
2019-01-15 14:54:46,9.27
2019-01-15 14:54:58,9.26
2019-01-15 14:55:10,9.23
2019-01-15 14:55:22,9.25
2019-01-15 14:55:34,9.26
2019-01-15 14:55:46,9.23
2019-01-15 14:55:58,9.23
2019-01-15 14:56:10,9.24
2019-01-15 14:56:22,9.24
2019-01-15 14:56:34,9.24
2019-01-15 14:56:46,9.23
2019-01-15 14:56:58,9.24
2019-01-15 14:57:10,9.23
2019-01-15 14:57:22,9.23
2019-01-15 14:57:34,9.23
2019-01-15 14:57:46,9.23
2019-01-15 14:57:58,9.23
2019-01-15 14:58:10,9.21
2019-01-15 14:58:22,9.21
2019-01-15 14:58:34,9.23
2019-01-15 14:58:46,9.2
2019-01-15 14:58:58,9.23
2019-01-15 14:59:10,9.21
2019-01-15 14:59:22,9.19
2019-01-15 14:59:34,9.2
2019-01-15 14:59:46,9.18
2019-01-15 14:59:58,9.18
2019-01-15 15:00:10,9.19
2019-01-15 15:00:22,9.2
2019-01-15 15:00:34,9.2
2019-01-15 15:00:46,9.19
2019-01-15 15:00:58,9.18
2019-01-15 15:01:10,9.19
2019-01-15 15:01:22,9.19
2019-01-15 15:01:35,9.17
2019-01-15 15:01:47,9.18
2019-01-15 15:01:59,9.17
2019-01-15 15:02:11,9.17
2019-01-15 15:02:23,9.18
2019-01-15 15:02:35,9.19
2019-01-15 15:02:47,9.17
2019-01-15 15:02:59,9.16
2019-01-15 15:03:11,9.17
2019-01-15 15:03:23,9.17
2019-01-15 15:03:35,9.17
2019-01-15 15:03:47,9.17
2019-01-15 15:03:59,9.16
2019-01-15 15:04:11,9.17
2019-01-15 15:04:23,9.15
2019-01-15 15:04:35,9.17
2019-01-15 15:04:47,9.15
2019-01-15 15:04:59,9.15
2019-01-15 15:05:11,9.13
2019-01-15 15:05:23,9.15
2019-01-15 15:05:35,9.16
2019-01-15 15:05:47,9.16
2019-01-15 15:05:59,9.15
2019-01-15 15:06:11,9.17
2019-01-15 15:06:23,9.16
2019-01-15 15:06:35,9.16
2019-01-15 15:06:47,9.13
2019-01-15 15:06:59,9.13
2019-01-15 15:07:11,9.13
2019-01-15 15:07:23,9.11
2019-01-15 15:07:35,9.12
2019-01-15 15:07:47,9.14
2019-01-15 15:07:59,9.11
2019-01-15 15:08:11,9.13
2019-01-15 15:08:23,9.11
2019-01-15 15:08:35,9.11
2019-01-15 15:08:47,9.13
2019-01-15 15:08:59,9.12
2019-01-15 15:09:11,9.12
2019-01-15 15:09:23,9.1
2019-01-15 15:09:35,9.11
2019-01-15 15:09:47,9.12
2019-01-15 15:09:59,9.1
2019-01-15 15:10:11,9.11
2019-01-15 15:10:23,9.11
2019-01-15 15:10:35,9.11
2019-01-15 15:10:47,9.1
2019-01-15 15:10:59,9.09
2019-01-15 15:11:11,9.09
2019-01-15 15:11:23,9.09
2019-01-15 15:11:35,9.1
2019-01-15 15:11:47,9.09
2019-01-15 15:11:59,9.09
2019-01-15 15:12:11,9.08
2019-01-15 15:12:23,9.11
2019-01-15 15:12:35,9.1
2019-01-15 15:12:47,9.08
2019-01-15 15:12:59,9.07
2019-01-15 15:13:11,9.07
2019-01-15 15:13:23,9.09
2019-01-15 15:13:35,9.08
2019-01-15 15:13:47,9.07
2019-01-15 15:13:59,9.05
2019-01-15 15:14:11,9.06
2019-01-15 15:14:23,9.07
2019-01-15 15:14:35,9.06
2019-01-15 15:14:47,9.08
2019-01-15 15:14:59,9.01
2019-01-15 15:15:11,9.05
2019-01-15 15:15:23,9.05
2019-01-15 15:15:35,9.07
2019-01-15 15:15:47,9.07
2019-01-15 15:15:59,9.05
2019-01-15 15:16:11,9.06
2019-01-15 15:16:23,9.05
2019-01-15 15:16:35,9.05
2019-01-15 15:16:47,9.04
2019-01-15 15:16:59,9.04
2019-01-15 15:17:11,9.05
2019-01-15 15:17:23,9.05
2019-01-15 15:17:35,8.99
2019-01-15 15:17:47,9.04
2019-01-15 15:17:59,9.05
2019-01-15 15:18:11,9.04
2019-01-15 15:18:23,9.05
2019-01-15 15:18:35,9.04
2019-01-15 15:18:47,9.05
2019-01-15 15:19:00,9.04
2019-01-15 15:19:12,9.04
2019-01-15 15:19:24,9.05
2019-01-15 15:19:36,9.05
2019-01-15 15:19:48,9.05
2019-01-15 15:20:00,9.03
2019-01-15 15:20:12,9.03
2019-01-15 15:20:24,9.04
2019-01-15 15:20:36,9.02
2019-01-15 15:20:48,9.03
2019-01-15 15:21:00,9.04
2019-01-15 15:21:12,9.01
2019-01-15 15:21:24,9.03
2019-01-15 15:21:36,9.02
2019-01-15 15:21:48,9.01
2019-01-15 15:22:00,9.02
2019-01-15 15:22:12,9.0
2019-01-15 15:22:24,9.0
2019-01-15 15:22:36,9.0
2019-01-15 15:22:48,9.01
2019-01-15 15:23:00,9.02
2019-01-15 15:23:12,9.01
2019-01-15 15:23:24,8.87
2019-01-15 15:23:36,9.0
2019-01-15 15:23:48,9.01
2019-01-15 15:24:00,8.99
2019-01-15 15:24:12,8.99
2019-01-15 15:24:24,8.99
2019-01-15 15:24:36,8.99
2019-01-15 15:24:48,8.99
2019-01-15 15:25:00,8.99
2019-01-15 15:25:12,8.99
2019-01-15 15:25:24,8.98
2019-01-15 15:25:36,8.98
2019-01-15 15:25:48,8.99
2019-01-15 15:26:00,8.97
2019-01-15 15:26:12,8.99
2019-01-15 15:26:24,8.98
2019-01-15 15:26:36,8.98
2019-01-15 15:26:48,8.96
2019-01-15 15:27:00,8.97
2019-01-15 15:27:12,8.98
2019-01-15 15:27:24,8.96
2019-01-15 15:27:36,8.96
2019-01-15 15:27:48,8.98
2019-01-15 15:28:00,8.97
2019-01-15 15:28:12,8.98
2019-01-15 15:28:24,8.96
2019-01-15 15:28:36,8.97
2019-01-15 15:28:48,8.97
2019-01-15 15:29:00,8.97
2019-01-15 15:29:12,8.96
2019-01-15 15:29:24,8.93
2019-01-15 15:29:36,8.96
2019-01-15 15:29:48,8.96
2019-01-15 15:30:00,8.96
2019-01-15 15:30:12,8.96
2019-01-15 15:30:24,8.95
2019-01-15 15:30:36,8.96
2019-01-15 15:30:48,8.96
2019-01-15 15:31:00,8.94
2019-01-15 15:31:12,8.94
2019-01-15 15:31:24,8.95
2019-01-15 15:31:36,8.93
2019-01-15 15:31:48,8.94
2019-01-15 15:32:00,8.94
2019-01-15 15:32:12,8.94
2019-01-15 15:32:24,8.89
2019-01-15 15:32:36,8.93
2019-01-15 15:32:48,8.93
2019-01-15 15:33:00,8.93
2019-01-15 15:33:12,8.93
2019-01-15 15:33:24,8.93
2019-01-15 15:33:36,8.93
2019-01-15 15:33:48,8.93
2019-01-15 15:34:00,8.92
2019-01-15 15:34:12,8.93
2019-01-15 15:34:24,8.9
2019-01-15 15:34:36,8.92
2019-01-15 15:34:48,8.92
2019-01-15 15:35:00,8.92
2019-01-15 15:35:12,8.92
2019-01-15 15:35:24,8.83
2019-01-15 15:35:37,8.92
2019-01-15 15:35:49,8.91
2019-01-15 15:36:01,8.8
2019-01-15 15:36:13,8.91
2019-01-15 15:36:25,8.9
2019-01-15 15:36:37,8.91
2019-01-15 15:36:49,8.91
2019-01-15 15:37:01,8.92
2019-01-15 15:37:13,8.91
2019-01-15 15:37:25,8.91
2019-01-15 15:37:37,8.9
2019-01-15 15:37:49,8.9
2019-01-15 15:38:01,8.89
2019-01-15 15:38:13,8.9
2019-01-15 15:38:25,8.89
2019-01-15 15:38:37,8.89
2019-01-15 15:38:49,8.89
2019-01-15 15:39:01,8.89
2019-01-15 15:39:13,8.89
2019-01-15 15:39:25,8.89
2019-01-15 15:39:37,8.89
2019-01-15 15:39:49,8.89
2019-01-15 15:40:01,8.88
2019-01-15 15:40:13,8.89
2019-01-15 15:40:25,8.88
2019-01-15 15:40:37,8.89
2019-01-15 15:40:49,8.88
2019-01-15 15:41:01,8.88
2019-01-15 15:41:13,8.88
2019-01-15 15:41:25,8.88
2019-01-15 15:41:37,8.89
2019-01-15 15:41:49,8.88
2019-01-15 15:42:01,8.88
2019-01-15 15:42:13,8.88
2019-01-15 15:42:25,8.88
2019-01-15 15:42:37,8.88
2019-01-15 15:42:49,8.88
2019-01-15 15:43:01,8.87
2019-01-15 15:43:13,8.87
2019-01-15 15:43:25,8.88
2019-01-15 15:43:37,8.87
2019-01-15 15:43:49,8.87
2019-01-15 15:44:01,8.87
2019-01-15 15:44:13,8.87
2019-01-15 15:44:25,8.87
2019-01-15 15:44:37,8.86
2019-01-15 15:44:49,8.87
2019-01-15 15:45:01,8.87
2019-01-15 15:45:13,8.87
2019-01-15 15:45:25,8.79
2019-01-15 15:45:37,8.86
2019-01-15 15:45:49,8.86
2019-01-15 15:46:01,8.86
2019-01-15 15:46:13,8.85
2019-01-15 15:46:25,8.86
2019-01-15 15:46:37,8.85
2019-01-15 15:46:49,8.86
2019-01-15 15:47:01,8.87
2019-01-15 15:47:13,8.85
2019-01-15 15:47:25,8.84
2019-01-15 15:47:37,8.84
2019-01-15 15:47:49,8.86
2019-01-15 15:48:01,8.83
2019-01-15 15:48:13,8.85
2019-01-15 15:48:25,8.84
2019-01-15 15:48:37,8.84
2019-01-15 15:48:49,8.83
2019-01-15 15:49:01,8.84
2019-01-15 15:49:13,8.82
2019-01-15 15:49:25,8.83
2019-01-15 15:49:37,8.83
2019-01-15 15:49:49,8.82
2019-01-15 15:50:01,8.82
2019-01-15 15:50:13,8.84
2019-01-15 15:50:25,8.83
2019-01-15 15:50:37,8.83
2019-01-15 15:50:49,8.81
2019-01-15 15:51:01,8.83
2019-01-15 15:51:13,8.81
2019-01-15 15:51:25,8.82
2019-01-15 15:51:37,8.81
2019-01-15 15:51:50,8.82
2019-01-15 15:52:02,8.81
2019-01-15 15:52:14,8.82
2019-01-15 15:52:26,8.81
2019-01-15 15:52:38,8.82
2019-01-15 15:52:50,8.82
2019-01-15 15:53:02,8.81
2019-01-15 15:53:14,8.76
2019-01-15 15:53:26,8.82
2019-01-15 15:53:38,8.81
2019-01-15 15:53:50,8.81
2019-01-15 15:54:02,8.8
2019-01-15 15:54:14,8.8
2019-01-15 15:54:26,8.81
2019-01-15 15:54:38,8.79
2019-01-15 15:54:50,8.81
2019-01-15 15:55:02,8.8
2019-01-15 15:55:14,8.81
2019-01-15 15:55:26,8.81
2019-01-15 15:55:38,8.79
2019-01-15 15:55:50,8.79
2019-01-15 15:56:02,8.8
2019-01-15 15:56:14,8.72
2019-01-15 15:56:26,8.78
2019-01-15 15:56:38,8.8
2019-01-15 15:56:50,8.79
2019-01-15 15:57:02,8.8
2019-01-15 15:57:14,8.78
2019-01-15 15:57:26,8.76
2019-01-15 15:57:38,8.8
2019-01-15 15:57:50,8.78
2019-01-15 15:58:02,8.79
2019-01-15 15:58:14,8.78
2019-01-15 15:58:26,8.79
2019-01-15 15:58:38,8.79
2019-01-15 15:58:50,8.79
2019-01-15 15:59:02,8.76
2019-01-15 15:59:14,8.78
2019-01-15 15:59:26,8.78
2019-01-15 15:59:38,8.79
2019-01-15 15:59:50,8.79
2019-01-15 16:00:02,8.78
2019-01-15 16:00:14,8.77
2019-01-15 16:00:26,8.78
2019-01-15 16:00:38,8.76
2019-01-15 16:00:50,8.76
2019-01-15 16:01:02,8.76
2019-01-15 16:01:14,8.78
2019-01-15 16:01:26,8.77
2019-01-15 16:01:38,8.78
2019-01-15 16:01:50,8.75
2019-01-15 16:02:02,8.77
2019-01-15 16:02:14,8.77
2019-01-15 16:02:26,8.76
2019-01-15 16:02:38,8.75
2019-01-15 16:02:50,8.76
2019-01-15 16:03:02,8.76
2019-01-15 16:03:14,8.73
2019-01-15 16:03:26,8.76
2019-01-15 16:03:38,8.75
2019-01-15 16:03:50,8.74
2019-01-15 16:04:02,8.75
2019-01-15 16:04:14,8.76
2019-01-15 16:04:26,8.74
2019-01-15 16:04:38,8.75
2019-01-15 16:04:50,8.74
2019-01-15 16:05:02,8.76
2019-01-15 16:05:14,8.76
2019-01-15 16:05:26,8.74
2019-01-15 16:05:38,8.74
2019-01-15 16:05:50,8.76
2019-01-15 16:06:02,8.76
2019-01-15 16:06:14,8.74
2019-01-15 16:06:26,8.73
2019-01-15 16:06:38,8.73
2019-01-15 16:06:50,8.75
2019-01-15 16:07:02,8.74
2019-01-15 16:07:14,8.73
2019-01-15 16:07:26,8.73
2019-01-15 16:07:38,8.74
2019-01-15 16:07:51,8.73
2019-01-15 16:08:03,8.72
2019-01-15 16:08:15,8.73
2019-01-15 16:08:27,8.72
2019-01-15 16:08:39,8.72
2019-01-15 16:08:51,8.7
2019-01-15 16:09:03,8.72
2019-01-15 16:09:15,8.71
2019-01-15 16:09:27,8.74
2019-01-15 16:09:39,8.7
2019-01-15 16:09:51,8.73
2019-01-15 16:10:03,8.7
2019-01-15 16:10:15,8.71
2019-01-15 16:10:27,8.7
2019-01-15 16:10:39,8.7
2019-01-15 16:10:51,8.7
2019-01-15 16:11:03,8.7
2019-01-15 16:11:15,8.71
2019-01-15 16:11:27,8.7
2019-01-15 16:11:39,8.7
2019-01-15 16:11:51,8.72
2019-01-15 16:12:03,8.7
2019-01-15 16:12:15,8.72
2019-01-15 16:12:27,8.7
2019-01-15 16:12:39,8.7
2019-01-15 16:12:51,8.7
2019-01-15 16:13:03,8.71
2019-01-15 16:13:15,8.67
2019-01-15 16:13:27,8.66
2019-01-15 16:13:39,8.7
2019-01-15 16:13:51,8.7
2019-01-15 16:14:03,8.7
2019-01-15 16:14:15,8.7
2019-01-15 16:14:27,8.7
2019-01-15 16:14:39,8.7
2019-01-15 16:14:51,8.69
2019-01-15 16:15:03,8.7
2019-01-15 16:15:15,8.64
2019-01-15 16:15:27,8.69
2019-01-15 16:15:39,8.69
2019-01-15 16:15:51,8.68
2019-01-15 16:16:03,8.69
2019-01-15 16:16:15,8.69
2019-01-15 16:16:27,8.69
2019-01-15 16:16:39,8.68
2019-01-15 16:16:51,8.69
2019-01-15 16:17:03,8.69
2019-01-15 16:17:15,8.7
2019-01-15 16:17:27,8.69
2019-01-15 16:17:39,8.67
2019-01-15 16:17:51,8.69
2019-01-15 16:18:03,8.68
2019-01-15 16:18:15,8.69
2019-01-15 16:18:27,8.67
2019-01-15 16:18:39,8.69
2019-01-15 16:18:51,8.69
2019-01-15 16:19:03,8.67
2019-01-15 16:19:15,8.66
2019-01-15 16:19:27,8.67
2019-01-15 16:19:39,8.67
2019-01-15 16:19:51,8.67
2019-01-15 16:20:03,8.68
2019-01-15 16:20:15,8.66
2019-01-15 16:20:27,8.67
2019-01-15 16:20:39,8.66
2019-01-15 16:20:51,8.68
2019-01-15 16:21:03,8.66
2019-01-15 16:21:15,8.66
2019-01-15 16:21:27,8.66
2019-01-15 16:21:39,8.66
2019-01-15 16:21:51,8.65
2019-01-15 16:22:03,8.67
2019-01-15 16:22:15,8.67
2019-01-15 16:22:27,8.66
2019-01-15 16:22:39,8.66
2019-01-15 16:22:51,8.65
2019-01-15 16:23:03,8.67
2019-01-15 16:23:15,8.64
2019-01-15 16:23:27,8.67
2019-01-15 16:23:39,8.65
2019-01-15 16:23:51,8.67
2019-01-15 16:24:03,8.66
2019-01-15 16:24:15,8.67
2019-01-15 16:24:27,8.65
2019-01-15 16:24:39,8.66
2019-01-15 16:24:52,8.66
2019-01-15 16:25:04,8.65
2019-01-15 16:25:16,8.66
2019-01-15 16:25:28,8.64
2019-01-15 16:25:40,8.65
2019-01-15 16:25:52,8.65
2019-01-15 16:26:04,8.64
2019-01-15 16:26:16,8.64
2019-01-15 16:26:28,8.66
2019-01-15 16:26:40,8.64
2019-01-15 16:26:52,8.64
2019-01-15 16:27:04,8.64
2019-01-15 16:27:16,8.64
2019-01-15 16:27:28,8.65
2019-01-15 16:27:40,8.64
2019-01-15 16:27:52,8.64
2019-01-15 16:28:04,8.64
2019-01-15 16:28:16,8.64
2019-01-15 16:28:28,8.65
2019-01-15 16:28:40,8.64
2019-01-15 16:28:52,8.64
2019-01-15 16:29:04,8.63
2019-01-15 16:29:16,8.64
2019-01-15 16:29:28,8.65
2019-01-15 16:29:40,8.64
2019-01-15 16:29:52,8.64
2019-01-15 16:30:04,8.65
2019-01-15 16:30:16,8.63
2019-01-15 16:30:28,8.64
2019-01-15 16:30:40,8.63
2019-01-15 16:30:52,8.63
2019-01-15 16:31:04,8.64
2019-01-15 16:31:16,8.63
2019-01-15 16:31:28,8.63
2019-01-15 16:31:40,8.63
2019-01-15 16:31:52,8.63
2019-01-15 16:32:04,8.63
2019-01-15 16:32:16,8.63
2019-01-15 16:32:28,8.63
2019-01-15 16:32:40,8.62
2019-01-15 16:32:52,8.62
2019-01-15 16:33:04,8.62
2019-01-15 16:33:16,8.63
2019-01-15 16:33:28,8.62
2019-01-15 16:33:40,8.62
2019-01-15 16:33:52,8.62
2019-01-15 16:34:04,8.62
2019-01-15 16:34:16,8.62
2019-01-15 16:34:28,8.63
2019-01-15 16:34:40,8.62
2019-01-15 16:34:52,8.63
2019-01-15 16:35:04,8.62
2019-01-15 16:35:16,8.63
2019-01-15 16:35:28,8.62
2019-01-15 16:35:40,8.63
2019-01-15 16:35:52,8.62
2019-01-15 16:36:04,8.61
2019-01-15 16:36:16,8.61
2019-01-15 16:36:28,8.61
2019-01-15 16:36:40,8.62
2019-01-15 16:36:52,8.63
2019-01-15 16:37:04,8.62
2019-01-15 16:37:16,8.61
2019-01-15 16:37:28,8.6
2019-01-15 16:37:40,8.61
2019-01-15 16:37:52,8.62
2019-01-15 16:38:04,8.6
2019-01-15 16:38:16,8.62
2019-01-15 16:38:28,8.61
2019-01-15 16:38:40,8.61
2019-01-15 16:38:52,8.62
2019-01-15 16:39:04,8.61
2019-01-15 16:39:16,8.61
2019-01-15 16:39:28,8.6
2019-01-15 16:39:40,8.62
2019-01-15 16:39:52,8.6
2019-01-15 16:40:04,8.6
2019-01-15 16:40:16,8.61
2019-01-15 16:40:28,8.61
2019-01-15 16:40:40,8.6
2019-01-15 16:40:52,8.61
2019-01-15 16:41:05,8.59
2019-01-15 16:41:17,8.61
2019-01-15 16:41:29,8.59
2019-01-15 16:41:41,8.6
2019-01-15 16:41:53,8.59
2019-01-15 16:42:05,8.6
2019-01-15 16:42:17,8.6
2019-01-15 16:42:29,8.6
2019-01-15 16:42:41,8.59
2019-01-15 16:42:53,8.6
2019-01-15 16:43:05,8.59
2019-01-15 16:43:17,8.59
2019-01-15 16:43:29,8.59
2019-01-15 16:43:41,8.6
2019-01-15 16:43:53,8.61
2019-01-15 16:44:05,8.59
2019-01-15 16:44:17,8.59
2019-01-15 16:44:29,8.59
2019-01-15 16:44:41,8.59
2019-01-15 16:44:53,8.6
2019-01-15 16:45:05,8.59
2019-01-15 16:45:17,8.58
2019-01-15 16:45:29,8.57
2019-01-15 16:45:41,8.59
2019-01-15 16:45:53,8.6
2019-01-15 16:46:05,8.58
2019-01-15 16:46:17,8.58
2019-01-15 16:46:29,8.57
2019-01-15 16:46:41,8.59
2019-01-15 16:46:53,8.58
2019-01-15 16:47:05,8.59
2019-01-15 16:47:17,8.58
2019-01-15 16:47:29,8.58
2019-01-15 16:47:41,8.57
2019-01-15 16:47:53,8.57
2019-01-15 16:48:05,8.57
2019-01-15 16:48:17,8.57
2019-01-15 16:48:29,8.57
2019-01-15 16:48:41,8.57
2019-01-15 16:48:53,8.58
2019-01-15 16:49:05,8.57
2019-01-15 16:49:17,8.57
2019-01-15 16:49:29,8.57
2019-01-15 16:49:41,8.57
2019-01-15 16:49:53,8.58
2019-01-15 16:50:05,8.58
2019-01-15 16:50:17,8.58
2019-01-15 16:50:29,8.57
2019-01-15 16:50:41,8.58
2019-01-15 16:50:53,8.57
2019-01-15 16:51:05,8.57
2019-01-15 16:51:17,8.58
2019-01-15 16:51:29,8.57
2019-01-15 16:51:41,8.57
2019-01-15 16:51:53,8.57
2019-01-15 16:52:05,8.57
2019-01-15 16:52:17,8.57
2019-01-15 16:52:29,8.57
2019-01-15 16:52:41,8.57
2019-01-15 16:52:53,8.57
2019-01-15 16:53:05,8.57
2019-01-15 16:53:17,8.54
2019-01-15 16:53:29,8.57
2019-01-15 16:53:41,8.57
2019-01-15 16:53:53,8.56
2019-01-15 16:54:05,8.57
2019-01-15 16:54:17,8.57
2019-01-15 16:54:29,8.57
2019-01-15 16:54:41,8.57
2019-01-15 16:54:53,8.56
2019-01-15 16:55:05,8.56
2019-01-15 16:55:17,8.57
2019-01-15 16:55:29,8.56
2019-01-15 16:55:41,8.56
2019-01-15 16:55:53,8.55
2019-01-15 16:56:05,8.57
2019-01-15 16:56:17,8.56
2019-01-15 16:56:29,8.56
2019-01-15 16:56:41,8.56
2019-01-15 16:56:53,8.53
2019-01-15 16:57:06,8.56
2019-01-15 16:57:18,8.55
2019-01-15 16:57:30,8.56
2019-01-15 16:57:42,8.56
2019-01-15 16:57:54,8.56
2019-01-15 16:58:06,8.56
2019-01-15 16:58:18,8.54
2019-01-15 16:58:30,8.56
2019-01-15 16:58:42,8.55
2019-01-15 16:58:54,8.55
2019-01-15 16:59:06,8.54
2019-01-15 16:59:18,8.56
2019-01-15 16:59:30,8.56
2019-01-15 16:59:42,8.55
2019-01-15 16:59:54,8.55
2019-01-15 17:00:06,8.55
2019-01-15 17:00:18,8.55
2019-01-15 17:00:30,8.55
2019-01-15 17:00:42,8.55
2019-01-15 17:00:54,8.54
2019-01-15 17:01:06,8.55
2019-01-15 17:01:18,8.54
2019-01-15 17:01:30,8.56
2019-01-15 17:01:42,8.55
2019-01-15 17:01:54,8.55
2019-01-15 17:02:06,8.54
2019-01-15 17:02:18,8.55
2019-01-15 17:02:30,8.54
2019-01-15 17:02:42,8.54
2019-01-15 17:02:54,8.54
2019-01-15 17:03:06,8.54
2019-01-15 17:03:18,8.54
2019-01-15 17:03:30,8.54
2019-01-15 17:03:42,8.54
2019-01-15 17:03:54,8.54
2019-01-15 17:04:06,8.54
2019-01-15 17:04:18,8.54
2019-01-15 17:04:30,8.54
2019-01-15 17:04:42,8.52
2019-01-15 17:04:54,8.53
2019-01-15 17:05:06,8.54
2019-01-15 17:05:18,8.53
2019-01-15 17:05:30,8.54
2019-01-15 17:05:42,8.53
2019-01-15 17:05:54,8.54
2019-01-15 17:06:06,8.54
2019-01-15 17:06:18,8.53
2019-01-15 17:06:30,8.53
2019-01-15 17:06:42,8.52
2019-01-15 17:06:54,8.53
2019-01-15 17:07:06,8.52
2019-01-15 17:07:18,8.52
2019-01-15 17:07:30,8.52
2019-01-15 17:07:42,8.52
2019-01-15 17:07:54,8.52
2019-01-15 17:08:06,8.53
2019-01-15 17:08:18,8.52
2019-01-15 17:08:30,8.53
2019-01-15 17:08:42,8.54
2019-01-15 17:08:54,8.52
2019-01-15 17:09:06,8.52
2019-01-15 17:09:18,8.53
2019-01-15 17:09:30,8.52
2019-01-15 17:09:42,8.52
2019-01-15 17:09:54,8.52
2019-01-15 17:10:06,8.52
2019-01-15 17:10:18,8.52
2019-01-15 17:10:30,8.52
2019-01-15 17:10:42,8.53
2019-01-15 17:10:54,8.52
2019-01-15 17:11:06,8.52
2019-01-15 17:11:18,8.51
2019-01-15 17:11:30,8.52
2019-01-15 17:11:42,8.53
2019-01-15 17:11:54,8.46
2019-01-15 17:12:06,8.51
2019-01-15 17:12:18,8.46
2019-01-15 17:12:30,8.5
2019-01-15 17:12:42,8.53
2019-01-15 17:12:54,8.52
2019-01-15 17:13:06,8.52
2019-01-15 17:13:18,8.51
2019-01-15 17:13:30,8.52
2019-01-15 17:13:42,8.52
2019-01-15 17:13:55,8.5
2019-01-15 17:14:07,8.45
2019-01-15 17:14:19,8.52
2019-01-15 17:14:31,8.51
2019-01-15 17:14:43,8.52
2019-01-15 17:14:55,8.52
2019-01-15 17:15:07,8.52
2019-01-15 17:15:19,8.52
2019-01-15 17:15:31,8.5
2019-01-15 17:15:43,8.51
2019-01-15 17:15:55,8.51
2019-01-15 17:16:07,8.51
2019-01-15 17:16:19,8.52
2019-01-15 17:16:31,8.5
2019-01-15 17:16:43,8.51
2019-01-15 17:16:55,8.52
2019-01-15 17:17:07,8.52
2019-01-15 17:17:19,8.52
2019-01-15 17:17:31,8.51
2019-01-15 17:17:43,8.49
2019-01-15 17:17:55,8.52
2019-01-15 17:18:07,8.52
2019-01-15 17:18:19,8.52
2019-01-15 17:18:31,8.51
2019-01-15 17:18:43,8.52
2019-01-15 17:18:55,8.49
2019-01-15 17:19:07,8.51
2019-01-15 17:19:19,8.51
2019-01-15 17:19:31,8.51
2019-01-15 17:19:43,8.51
2019-01-15 17:19:55,8.5
2019-01-15 17:20:07,8.52
2019-01-15 17:20:19,8.51
2019-01-15 17:20:31,8.52
2019-01-15 17:20:43,8.5
2019-01-15 17:20:55,8.52
2019-01-15 17:21:07,8.51
2019-01-15 17:21:19,8.5
2019-01-15 17:21:31,8.49
2019-01-15 17:21:43,8.51
2019-01-15 17:21:55,8.5
2019-01-15 17:22:07,8.51
2019-01-15 17:22:19,8.51
2019-01-15 17:22:31,8.49
2019-01-15 17:22:43,8.51
2019-01-15 17:22:55,8.5
2019-01-15 17:23:07,8.5
2019-01-15 17:23:19,8.49
2019-01-15 17:23:31,8.51
2019-01-15 17:23:43,8.48
2019-01-15 17:23:55,8.48
2019-01-15 17:24:07,8.49
2019-01-15 17:24:19,8.5
2019-01-15 17:24:31,8.49
2019-01-15 17:24:43,8.49
2019-01-15 17:24:55,8.5
2019-01-15 17:25:07,8.49
2019-01-15 17:25:19,8.5
2019-01-15 17:25:31,8.51
2019-01-15 17:25:43,8.49
2019-01-15 17:25:55,8.49
2019-01-15 17:26:07,8.5
2019-01-15 17:26:19,8.48
2019-01-15 17:26:31,8.5
2019-01-15 17:26:43,8.49
2019-01-15 17:26:55,8.5
2019-01-15 17:27:07,8.49
2019-01-15 17:27:19,8.49
2019-01-15 17:27:31,8.5
2019-01-15 17:27:43,8.49
2019-01-15 17:27:55,8.51
2019-01-15 17:28:07,8.49
2019-01-15 17:28:19,8.47
2019-01-15 17:28:31,8.48
2019-01-15 17:28:43,8.48
2019-01-15 17:28:55,8.49
2019-01-15 17:29:07,8.5
2019-01-15 17:29:19,8.49
2019-01-15 17:29:31,8.48
2019-01-15 17:29:43,8.48
2019-01-15 17:29:55,8.47
2019-01-15 17:30:07,8.48
2019-01-15 17:30:19,8.48
2019-01-15 17:30:31,8.47
2019-01-15 17:30:44,8.48
2019-01-15 17:30:56,8.48
2019-01-15 17:31:08,8.49
2019-01-15 17:31:20,8.48
2019-01-15 17:31:32,8.47
2019-01-15 17:31:44,8.48
2019-01-15 17:31:56,8.47
2019-01-15 17:32:08,8.47
2019-01-15 17:32:20,8.48
2019-01-15 17:32:32,8.49
2019-01-15 17:32:44,8.47
2019-01-15 17:32:56,8.48
2019-01-15 17:33:08,8.47
2019-01-15 17:33:20,8.46
2019-01-15 17:33:32,8.48
2019-01-15 17:33:44,8.48
2019-01-15 17:33:56,8.48
2019-01-15 17:34:08,8.47
2019-01-15 17:34:20,8.47
2019-01-15 17:34:32,8.48
2019-01-15 17:34:44,8.47
2019-01-15 17:34:56,8.47
2019-01-15 17:35:08,8.47
2019-01-15 17:35:20,8.47
2019-01-15 17:35:32,8.49
2019-01-15 17:35:44,8.47
2019-01-15 17:35:56,8.47
2019-01-15 17:36:08,8.48
2019-01-15 17:36:20,8.46
2019-01-15 17:36:32,8.47
2019-01-15 17:36:44,8.48
2019-01-15 17:36:56,8.48
2019-01-15 17:37:08,8.47
2019-01-15 17:37:20,8.48
2019-01-15 17:37:32,8.48
2019-01-15 17:37:44,8.47
2019-01-15 17:37:56,8.48
2019-01-15 17:38:08,8.46
2019-01-15 17:38:20,8.46
2019-01-15 17:38:32,8.47
2019-01-15 17:38:44,8.46
2019-01-15 17:38:56,8.48
2019-01-15 17:39:08,8.48
2019-01-15 17:39:20,8.46
2019-01-15 17:39:32,8.46
2019-01-15 17:39:44,8.46
2019-01-15 17:39:56,8.46
2019-01-15 17:40:08,8.46
2019-01-15 17:40:20,8.47
2019-01-15 17:40:32,8.45
2019-01-15 17:40:44,8.46
2019-01-15 17:40:56,8.45
2019-01-15 17:41:08,8.47
2019-01-15 17:41:20,8.45
2019-01-15 17:41:32,8.46
2019-01-15 17:41:44,8.47
2019-01-15 17:41:56,8.46
2019-01-15 17:42:08,8.46
2019-01-15 17:42:20,8.45
2019-01-15 17:42:32,8.45
2019-01-15 17:42:44,8.46
2019-01-15 17:42:56,8.45
2019-01-15 17:43:08,8.46
2019-01-15 17:43:20,8.45
2019-01-15 17:43:32,8.44
2019-01-15 17:43:44,8.45
2019-01-15 17:43:56,8.46
2019-01-15 17:44:08,8.45
2019-01-15 17:44:20,8.46
2019-01-15 17:44:32,8.45
2019-01-15 17:44:44,8.46
2019-01-15 17:44:56,8.44
2019-01-15 17:45:08,8.46
2019-01-15 17:45:20,8.44
2019-01-15 17:45:32,8.47
2019-01-15 17:45:44,8.46
2019-01-15 17:45:56,8.46
2019-01-15 17:46:08,8.45
2019-01-15 17:46:20,8.46
2019-01-15 17:46:33,8.46
2019-01-15 17:46:45,8.44
2019-01-15 17:46:57,8.46
2019-01-15 17:47:09,8.46
2019-01-15 17:47:21,8.46
2019-01-15 17:47:33,8.44
2019-01-15 17:47:45,8.46
2019-01-15 17:47:57,8.45
2019-01-15 17:48:09,8.46
2019-01-15 17:48:21,8.46
2019-01-15 17:48:33,8.45
2019-01-15 17:48:45,8.43
2019-01-15 17:48:57,8.46
2019-01-15 17:49:09,8.44
2019-01-15 17:49:21,8.43
2019-01-15 17:49:33,8.46
2019-01-15 17:49:45,8.45
2019-01-15 17:49:57,8.45
2019-01-15 17:50:09,8.44
2019-01-15 17:50:21,8.44
2019-01-15 17:50:33,8.44
2019-01-15 17:50:45,8.46
2019-01-15 17:50:57,8.44
2019-01-15 17:51:09,8.45
2019-01-15 17:51:21,8.45
2019-01-15 17:51:33,8.45
2019-01-15 17:51:45,8.44
2019-01-15 17:51:57,8.46
2019-01-15 17:52:09,8.46
2019-01-15 17:52:21,8.44
2019-01-15 17:52:33,8.43
2019-01-15 17:52:45,8.44
2019-01-15 17:52:57,8.43
2019-01-15 17:53:09,8.46
2019-01-15 17:53:21,8.45
2019-01-15 17:53:33,8.44
2019-01-15 17:53:45,8.46
2019-01-15 17:53:57,8.43
2019-01-15 17:54:09,8.43
2019-01-15 17:54:21,8.43
2019-01-15 17:54:33,8.43
2019-01-15 17:54:45,8.44
2019-01-15 17:54:57,8.43
2019-01-15 17:55:09,8.44
2019-01-15 17:55:21,8.45
2019-01-15 17:55:33,8.44
2019-01-15 17:55:45,8.43
2019-01-15 17:55:57,8.44
2019-01-15 17:56:09,8.44
2019-01-15 17:56:21,8.44
2019-01-15 17:56:33,8.42
2019-01-15 17:56:45,8.42
2019-01-15 17:56:57,8.43
2019-01-15 17:57:09,8.42
2019-01-15 17:57:21,8.45
2019-01-15 17:57:33,8.45
2019-01-15 17:57:45,8.43
2019-01-15 17:57:57,8.44
2019-01-15 17:58:09,8.42
2019-01-15 17:58:21,8.41
2019-01-15 17:58:33,8.45
2019-01-15 17:58:45,8.41
2019-01-15 17:58:57,8.42
2019-01-15 17:59:09,8.43
2019-01-15 17:59:21,8.42
2019-01-15 17:59:33,8.42
2019-01-15 17:59:45,8.44
2019-01-15 17:59:57,8.41
2019-01-15 18:00:09,8.43
2019-01-15 18:00:21,8.46
2019-01-15 18:00:33,8.42
2019-01-15 18:00:45,8.44
2019-01-15 18:00:57,8.44
2019-01-15 18:01:09,8.42
2019-01-15 18:01:21,8.42
2019-01-15 18:01:33,8.43
2019-01-15 18:01:45,8.42
2019-01-15 18:01:57,8.43
2019-01-15 18:02:09,8.42
2019-01-15 18:02:21,8.43
2019-01-15 18:02:33,8.42
2019-01-15 18:02:45,8.42
2019-01-15 18:02:57,8.42
2019-01-15 18:03:09,8.41
2019-01-15 18:03:22,8.43
2019-01-15 18:03:34,8.39
2019-01-15 18:03:46,8.4
2019-01-15 18:03:58,8.4
2019-01-15 18:04:10,8.42
2019-01-15 18:04:22,8.41
2019-01-15 18:04:34,8.43
2019-01-15 18:04:46,8.41
2019-01-15 18:04:58,8.43
2019-01-15 18:05:10,8.41
2019-01-15 18:05:22,8.41
2019-01-15 18:05:34,8.43
2019-01-15 18:05:46,8.42
2019-01-15 18:05:58,8.41
2019-01-15 18:06:10,8.43
2019-01-15 18:06:22,8.4
2019-01-15 18:06:34,8.39
2019-01-15 18:06:46,8.41
2019-01-15 18:06:58,8.41
2019-01-15 18:07:10,8.41
2019-01-15 18:07:22,8.41
2019-01-15 18:07:34,8.41
2019-01-15 18:07:46,8.41
2019-01-15 18:07:58,8.39
2019-01-15 18:08:10,8.41
2019-01-15 18:08:22,8.42
2019-01-15 18:08:34,8.39
2019-01-15 18:08:46,8.41
2019-01-15 18:08:58,8.41
2019-01-15 18:09:10,8.4
2019-01-15 18:09:22,8.42
2019-01-15 18:09:34,8.35
2019-01-15 18:09:46,8.39
2019-01-15 18:09:58,8.4
2019-01-15 18:10:10,8.41
2019-01-15 18:10:22,8.42
2019-01-15 18:10:34,8.4
2019-01-15 18:10:46,8.41
2019-01-15 18:10:58,8.42
2019-01-15 18:11:10,8.42
2019-01-15 18:11:22,8.39
2019-01-15 18:11:34,8.39
2019-01-15 18:11:46,8.4
2019-01-15 18:11:58,8.4
2019-01-15 18:12:10,8.35
2019-01-15 18:12:22,8.39
2019-01-15 18:12:34,8.38
2019-01-15 18:12:46,8.4
2019-01-15 18:12:58,8.41
2019-01-15 18:13:10,8.39
2019-01-15 18:13:22,8.4
2019-01-15 18:13:34,8.41
2019-01-15 18:13:46,8.4
2019-01-15 18:13:58,8.41
2019-01-15 18:14:10,8.4
2019-01-15 18:14:22,8.4
2019-01-15 18:14:34,8.36
2019-01-15 18:14:46,8.39
2019-01-15 18:14:58,8.38
2019-01-15 18:15:10,8.39
2019-01-15 18:15:22,8.39
2019-01-15 18:15:34,8.39
2019-01-15 18:15:46,8.39
2019-01-15 18:15:58,8.39
2019-01-15 18:16:10,8.4
2019-01-15 18:16:22,8.39
2019-01-15 18:16:34,8.41
2019-01-15 18:16:46,8.39
2019-01-15 18:16:58,8.39
2019-01-15 18:17:10,8.4
2019-01-15 18:17:22,8.39
2019-01-15 18:17:34,8.41
2019-01-15 18:17:46,8.38
2019-01-15 18:17:58,8.4
2019-01-15 18:18:10,8.38
2019-01-15 18:18:22,8.39
2019-01-15 18:18:34,8.39
2019-01-15 18:18:46,8.39
2019-01-15 18:18:58,8.4
2019-01-15 18:19:10,8.39
2019-01-15 18:19:22,8.39
2019-01-15 18:19:34,8.4
2019-01-15 18:19:46,8.4
2019-01-15 18:19:58,8.39
2019-01-15 18:20:10,8.4
2019-01-15 18:20:22,8.39
2019-01-15 18:20:34,8.4
2019-01-15 18:20:46,8.38
2019-01-15 18:20:58,8.41
2019-01-15 18:21:10,8.4
2019-01-15 18:21:22,8.39
2019-01-15 18:21:35,8.39
2019-01-15 18:21:47,8.39
2019-01-15 18:21:59,8.39
2019-01-15 18:22:11,8.39
2019-01-15 18:22:23,8.39
2019-01-15 18:22:35,8.39
2019-01-15 18:22:47,8.37
2019-01-15 18:22:59,8.39
2019-01-15 18:23:11,8.38
2019-01-15 18:23:23,8.39
2019-01-15 18:23:35,8.39
2019-01-15 18:23:47,8.38
2019-01-15 18:23:59,8.39
2019-01-15 18:24:11,8.39
2019-01-15 18:24:23,8.38
2019-01-15 18:24:35,8.38
2019-01-15 18:24:47,8.38
2019-01-15 18:24:59,8.38
2019-01-15 18:25:11,8.39
2019-01-15 18:25:23,8.39
2019-01-15 18:25:35,8.37
2019-01-15 18:25:47,8.39
2019-01-15 18:25:59,8.36
2019-01-15 18:26:11,8.39
2019-01-15 18:26:23,8.38
2019-01-15 18:26:35,8.39
2019-01-15 18:26:47,8.37
2019-01-15 18:26:59,8.38
2019-01-15 18:27:11,8.38
2019-01-15 18:27:23,8.37
2019-01-15 18:27:35,8.37
2019-01-15 18:27:47,8.37
2019-01-15 18:27:59,8.36
2019-01-15 18:28:11,8.37
2019-01-15 18:28:23,8.39
2019-01-15 18:28:35,8.38
2019-01-15 18:28:47,8.39
2019-01-15 18:28:59,8.39
2019-01-15 18:29:11,8.37
2019-01-15 18:29:23,8.35
2019-01-15 18:29:35,8.36
2019-01-15 18:29:47,8.37
2019-01-15 18:29:59,8.37
2019-01-15 18:30:11,8.37
2019-01-15 18:30:23,8.39
2019-01-15 18:30:35,8.39
2019-01-15 18:30:47,8.37
2019-01-15 18:30:59,8.38
2019-01-15 18:31:11,8.36
2019-01-15 18:31:23,8.36
2019-01-15 18:31:35,8.39
2019-01-15 18:31:47,8.39
2019-01-15 18:31:59,8.39
2019-01-15 18:32:11,8.37
2019-01-15 18:32:23,8.37
2019-01-15 18:32:35,8.38
2019-01-15 18:32:47,8.38
2019-01-15 18:32:59,8.37
2019-01-15 18:33:11,8.36
2019-01-15 18:33:23,8.36
2019-01-15 18:33:35,8.36
2019-01-15 18:33:47,8.35
2019-01-15 18:33:59,8.38
2019-01-15 18:34:11,8.38
2019-01-15 18:34:23,8.38
2019-01-15 18:34:35,8.37
2019-01-15 18:34:47,8.37
2019-01-15 18:34:59,8.36
2019-01-15 18:35:11,8.38
2019-01-15 18:35:23,8.39
2019-01-15 18:35:35,8.35
2019-01-15 18:35:47,8.36
2019-01-15 18:35:59,8.38
2019-01-15 18:36:11,8.35
2019-01-15 18:36:23,8.38
2019-01-15 18:36:35,8.36
2019-01-15 18:36:47,8.36
2019-01-15 18:36:59,8.37
2019-01-15 18:37:11,8.35
2019-01-15 18:37:23,8.36
2019-01-15 18:37:35,8.36
2019-01-15 18:37:48,8.35
2019-01-15 18:38:00,8.35
2019-01-15 18:38:12,8.35
2019-01-15 18:38:24,8.37
2019-01-15 18:38:36,8.35
2019-01-15 18:38:48,8.33
2019-01-15 18:39:00,8.33
2019-01-15 18:39:12,8.34
2019-01-15 18:39:24,8.36
2019-01-15 18:39:36,8.34
2019-01-15 18:39:48,8.34
2019-01-15 18:40:00,8.35
2019-01-15 18:40:12,8.37
2019-01-15 18:40:24,8.34
2019-01-15 18:40:36,8.35
2019-01-15 18:40:48,8.34
2019-01-15 18:41:00,8.34
2019-01-15 18:41:12,8.34
2019-01-15 18:41:24,8.34
2019-01-15 18:41:36,8.34
2019-01-15 18:41:48,8.34
2019-01-15 18:42:00,8.34
2019-01-15 18:42:12,8.36
2019-01-15 18:42:24,8.34
2019-01-15 18:42:36,8.36
2019-01-15 18:42:48,8.34
2019-01-15 18:43:00,8.34
2019-01-15 18:43:12,8.36
2019-01-15 18:43:24,8.34
2019-01-15 18:43:36,8.34
2019-01-15 18:43:48,8.34
2019-01-15 18:44:00,8.35
2019-01-15 18:44:12,8.37
2019-01-15 18:44:24,8.34
2019-01-15 18:44:36,8.34
2019-01-15 18:44:48,8.35
2019-01-15 18:45:00,8.3
2019-01-15 18:45:12,8.34
2019-01-15 18:45:24,8.27
2019-01-15 18:45:36,8.35
2019-01-15 18:45:48,8.35
2019-01-15 18:46:00,8.34
2019-01-15 18:46:12,8.33
2019-01-15 18:46:24,8.34
2019-01-15 18:46:36,8.34
2019-01-15 18:46:48,8.36
2019-01-15 18:47:00,8.36
2019-01-15 18:47:12,8.35
2019-01-15 18:47:24,8.34
2019-01-15 18:47:36,8.35
2019-01-15 18:47:48,8.34
2019-01-15 18:48:00,8.34
2019-01-15 18:48:12,8.36
2019-01-15 18:48:24,8.34
2019-01-15 18:48:36,8.36
2019-01-15 18:48:48,8.34
2019-01-15 18:49:00,8.35
2019-01-15 18:49:12,8.34
2019-01-15 18:49:24,8.31
2019-01-15 18:49:36,8.34
2019-01-15 18:49:48,8.35
2019-01-15 18:50:00,8.34
2019-01-15 18:50:12,8.34
2019-01-15 18:50:24,8.29
2019-01-15 18:50:36,8.34
2019-01-15 18:50:48,8.35
2019-01-15 18:51:00,8.34
2019-01-15 18:51:12,8.34
2019-01-15 18:51:24,8.34
2019-01-15 18:51:36,8.33
2019-01-15 18:51:48,8.33
2019-01-15 18:52:00,8.33
2019-01-15 18:52:12,8.34
2019-01-15 18:52:24,8.34
2019-01-15 18:52:36,8.34
2019-01-15 18:52:48,8.34
2019-01-15 18:53:00,8.34
2019-01-15 18:53:12,8.33
2019-01-15 18:53:24,8.32
2019-01-15 18:53:36,8.34
2019-01-15 18:53:48,8.32
2019-01-15 18:54:00,8.33
2019-01-15 18:54:12,8.34
2019-01-15 18:54:24,8.32
2019-01-15 18:54:36,8.34
2019-01-15 18:54:48,8.33
2019-01-15 18:55:00,8.34
2019-01-15 18:55:13,8.34
2019-01-15 18:55:25,8.31
2019-01-15 18:55:37,8.35
2019-01-15 18:55:49,8.32
2019-01-15 18:56:01,8.34
2019-01-15 18:56:13,8.34
2019-01-15 18:56:25,8.33
2019-01-15 18:56:37,8.35
2019-01-15 18:56:49,8.31
2019-01-15 18:57:01,8.34
2019-01-15 18:57:13,8.34
2019-01-15 18:57:25,8.25
2019-01-15 18:57:37,8.33
2019-01-15 18:57:49,8.34
2019-01-15 18:58:01,8.32
2019-01-15 18:58:13,8.34
2019-01-15 18:58:25,8.33
2019-01-15 18:58:37,8.31
2019-01-15 18:58:49,8.34
2019-01-15 18:59:01,8.33
2019-01-15 18:59:13,8.34
2019-01-15 18:59:25,8.33
2019-01-15 18:59:37,8.33
2019-01-15 18:59:49,8.33
2019-01-15 19:00:01,8.31
2019-01-15 19:00:13,8.33
2019-01-15 19:00:25,8.34
2019-01-15 19:00:37,8.33
2019-01-15 19:00:49,8.31
2019-01-15 19:01:01,8.34
2019-01-15 19:01:13,8.32
2019-01-15 19:01:25,8.23
2019-01-15 19:01:37,8.3
2019-01-15 19:01:49,8.31
2019-01-15 19:02:01,8.33
2019-01-15 19:02:13,8.33
2019-01-15 19:02:25,8.31
2019-01-15 19:02:37,8.3
2019-01-15 19:02:49,8.31
2019-01-15 19:03:01,8.32
2019-01-15 19:03:13,8.28
2019-01-15 19:03:25,8.32
2019-01-15 19:03:37,8.33
2019-01-15 19:03:49,8.33
2019-01-15 19:04:01,8.33
2019-01-15 19:04:13,8.32
2019-01-15 19:04:25,8.32
2019-01-15 19:04:38,8.33
2019-01-15 19:04:50,8.31
2019-01-15 19:05:02,8.3
2019-01-15 19:05:14,8.31
2019-01-15 19:05:26,8.3
2019-01-15 19:05:38,8.31
2019-01-15 19:05:50,8.33
2019-01-15 19:06:02,8.3
2019-01-15 19:06:14,8.31
2019-01-15 19:06:26,8.33
2019-01-15 19:06:38,8.32
2019-01-15 19:06:50,8.32
2019-01-15 19:07:02,8.34
2019-01-15 19:07:14,8.32
2019-01-15 19:07:26,8.33
2019-01-15 19:07:38,8.32
2019-01-15 19:07:50,8.33
2019-01-15 19:08:02,8.33
2019-01-15 19:08:14,8.32
2019-01-15 19:08:26,8.32
2019-01-15 19:08:38,8.32
2019-01-15 19:08:50,8.3
2019-01-15 19:09:02,8.29
2019-01-15 19:09:14,8.31
2019-01-15 19:09:26,8.32
2019-01-15 19:09:38,8.3
2019-01-15 19:09:50,8.32
2019-01-15 19:10:02,8.31
2019-01-15 19:10:14,8.32
2019-01-15 19:10:26,8.32
2019-01-15 19:10:38,8.31
2019-01-15 19:10:50,8.33
2019-01-15 19:11:02,8.3
2019-01-15 19:11:14,8.29
2019-01-15 19:11:26,8.31
2019-01-15 19:11:38,8.31
2019-01-15 19:11:50,8.31
2019-01-15 19:12:02,8.3
2019-01-15 19:12:14,8.31
2019-01-15 19:12:26,8.32
2019-01-15 19:12:38,8.29
2019-01-15 19:12:50,8.29
2019-01-15 19:13:02,8.3
2019-01-15 19:13:14,8.15
2019-01-15 19:13:26,8.29
2019-01-15 19:13:38,8.31
2019-01-15 19:13:50,8.28
2019-01-15 19:14:02,8.31
2019-01-15 19:14:14,8.29
2019-01-15 19:14:26,8.27
2019-01-15 19:14:38,8.31
2019-01-15 19:14:50,8.31
2019-01-15 19:15:02,8.3
2019-01-15 19:15:14,8.3
2019-01-15 19:15:26,8.3
2019-01-15 19:15:38,8.31
2019-01-15 19:15:50,8.31
2019-01-15 19:16:02,8.28
2019-01-15 19:16:14,8.28
2019-01-15 19:16:26,8.29
2019-01-15 19:16:38,8.28
2019-01-15 19:16:50,8.31
2019-01-15 19:17:02,8.28
2019-01-15 19:17:14,8.28
2019-01-15 19:17:26,8.3
2019-01-15 19:17:38,8.28
2019-01-15 19:17:50,8.31
2019-01-15 19:18:02,8.29
2019-01-15 19:18:14,8.31
2019-01-15 19:18:26,8.28
2019-01-15 19:18:38,8.31
2019-01-15 19:18:50,8.28
2019-01-15 19:19:02,8.28
2019-01-15 19:19:14,8.3
2019-01-15 19:19:26,8.27
2019-01-15 19:19:38,8.29
2019-01-15 19:19:50,8.28
2019-01-15 19:20:02,8.29
2019-01-15 19:20:14,8.28
2019-01-15 19:20:26,8.29
2019-01-15 19:20:38,8.28
2019-01-15 19:20:51,8.28
2019-01-15 19:21:03,8.29
2019-01-15 19:21:15,8.29
2019-01-15 19:21:27,8.28
2019-01-15 19:21:39,8.3
2019-01-15 19:21:51,8.3
2019-01-15 19:22:03,8.28
2019-01-15 19:22:15,8.27
2019-01-15 19:22:27,8.28
2019-01-15 19:22:39,8.12
2019-01-15 19:22:51,8.28
2019-01-15 19:23:03,8.29
2019-01-15 19:23:15,8.25
2019-01-15 19:23:27,8.29
2019-01-15 19:23:39,8.28
2019-01-15 19:23:51,8.27
2019-01-15 19:24:03,8.28
2019-01-15 19:24:15,8.28
2019-01-15 19:24:27,8.27
2019-01-15 19:24:39,8.29
2019-01-15 19:24:51,8.3
2019-01-15 19:25:03,8.29
2019-01-15 19:25:15,8.29
2019-01-15 19:25:27,8.28
2019-01-15 19:25:39,8.28
2019-01-15 19:25:51,8.28
2019-01-15 19:26:03,8.27
2019-01-15 19:26:15,8.28
2019-01-15 19:26:27,8.27
2019-01-15 19:26:39,8.28
2019-01-15 19:26:51,8.29
2019-01-15 19:27:03,8.28
2019-01-15 19:27:15,8.28
2019-01-15 19:27:27,8.29
2019-01-15 19:27:39,8.27
2019-01-15 19:27:51,8.28
2019-01-15 19:28:03,8.26
2019-01-15 19:28:15,8.28
2019-01-15 19:28:27,8.29
2019-01-15 19:28:39,8.28
2019-01-15 19:28:51,8.27
2019-01-15 19:29:03,8.27
2019-01-15 19:29:15,8.26
2019-01-15 19:29:27,8.27
2019-01-15 19:29:39,8.27
2019-01-15 19:29:51,8.28
2019-01-15 19:30:03,8.28
2019-01-15 19:30:15,8.26
2019-01-15 19:30:27,8.27
2019-01-15 19:30:39,8.26
2019-01-15 19:30:51,8.28
2019-01-15 19:31:03,8.28
2019-01-15 19:31:15,8.26
2019-01-15 19:31:27,8.27
2019-01-15 19:31:39,8.27
2019-01-15 19:31:51,8.28
2019-01-15 19:32:03,8.26
2019-01-15 19:32:15,8.27
2019-01-15 19:32:27,8.27
2019-01-15 19:32:39,8.26
2019-01-15 19:32:51,8.26
2019-01-15 19:33:03,8.26
2019-01-15 19:33:15,8.28
2019-01-15 19:33:27,8.28
2019-01-15 19:33:39,8.28
2019-01-15 19:33:51,8.28
2019-01-15 19:34:03,8.28
2019-01-15 19:34:15,8.27
2019-01-15 19:34:27,8.28
2019-01-15 19:34:39,8.26
2019-01-15 19:34:51,8.26
2019-01-15 19:35:03,8.26
2019-01-15 19:35:15,8.26
2019-01-15 19:35:27,8.27
2019-01-15 19:35:39,8.28
2019-01-15 19:35:51,8.26
2019-01-15 19:36:03,8.25
2019-01-15 19:36:15,8.26
2019-01-15 19:36:27,8.28
2019-01-15 19:36:39,8.27
2019-01-15 19:36:51,8.26
2019-01-15 19:37:03,8.25
2019-01-15 19:37:16,8.26
2019-01-15 19:37:28,8.25
2019-01-15 19:37:40,8.25
2019-01-15 19:37:52,8.27
2019-01-15 19:38:04,8.27
2019-01-15 19:38:16,8.27
2019-01-15 19:38:28,8.27
2019-01-15 19:38:40,8.28
2019-01-15 19:38:52,8.28
2019-01-15 19:39:04,8.27
2019-01-15 19:39:16,8.26
2019-01-15 19:39:28,8.26
2019-01-15 19:39:40,8.26
2019-01-15 19:39:52,8.27
2019-01-15 19:40:04,8.26
2019-01-15 19:40:16,8.24
2019-01-15 19:40:28,8.25
2019-01-15 19:40:40,8.25
2019-01-15 19:40:52,8.26
2019-01-15 19:41:04,8.24
2019-01-15 19:41:16,8.26
2019-01-15 19:41:28,8.25
2019-01-15 19:41:40,8.25
2019-01-15 19:41:52,8.24
2019-01-15 19:42:04,8.26
2019-01-15 19:42:16,8.26
2019-01-15 19:42:28,8.25
2019-01-15 19:42:40,8.24
2019-01-15 19:42:52,8.26
2019-01-15 19:43:04,8.23
2019-01-15 19:43:16,8.26
2019-01-15 19:43:28,8.25
2019-01-15 19:43:40,8.23
2019-01-15 19:43:52,8.23
2019-01-15 19:44:04,8.25
2019-01-15 19:44:16,8.23
2019-01-15 19:44:28,8.23
2019-01-15 19:44:40,8.24
2019-01-15 19:44:52,8.24
2019-01-15 19:45:04,8.24
2019-01-15 19:45:16,8.24
2019-01-15 19:45:28,8.25
2019-01-15 19:45:40,8.25
2019-01-15 19:45:52,8.25
2019-01-15 19:46:04,8.23
2019-01-15 19:46:16,8.24
2019-01-15 19:46:28,8.23
2019-01-15 19:46:40,8.23
2019-01-15 19:46:52,8.24
2019-01-15 19:47:04,8.24
2019-01-15 19:47:16,8.24
2019-01-15 19:47:28,8.23
2019-01-15 19:47:40,8.23
2019-01-15 19:47:52,8.22
2019-01-15 19:48:04,8.23
2019-01-15 19:48:16,8.22
2019-01-15 19:48:28,8.22
2019-01-15 19:48:40,8.22
2019-01-15 19:48:52,8.23
2019-01-15 19:49:04,8.23
2019-01-15 19:49:16,8.24
2019-01-15 19:49:28,8.22
2019-01-15 19:49:40,8.23
2019-01-15 19:49:52,8.22
2019-01-15 19:50:04,8.23
2019-01-15 19:50:16,8.22
2019-01-15 19:50:28,8.22
2019-01-15 19:50:40,8.23
2019-01-15 19:50:52,8.22
2019-01-15 19:51:04,8.22
2019-01-15 19:51:16,8.22
2019-01-15 19:51:28,8.22
2019-01-15 19:51:40,8.23
2019-01-15 19:51:52,8.24
2019-01-15 19:52:04,8.22
2019-01-15 19:52:16,8.22
2019-01-15 19:52:28,8.23
2019-01-15 19:52:40,8.22
2019-01-15 19:52:52,8.22
2019-01-15 19:53:04,8.21
2019-01-15 19:53:16,8.21
2019-01-15 19:53:28,8.22
2019-01-15 19:53:40,8.23
2019-01-15 19:53:52,8.22
2019-01-15 19:54:05,8.21
2019-01-15 19:54:17,8.21
2019-01-15 19:54:29,8.21
2019-01-15 19:54:41,8.22
2019-01-15 19:54:53,8.21
2019-01-15 19:55:05,8.21
2019-01-15 19:55:17,8.22
2019-01-15 19:55:29,8.22
2019-01-15 19:55:41,8.21
2019-01-15 19:55:53,8.21
2019-01-15 19:56:05,8.21
2019-01-15 19:56:17,8.21
2019-01-15 19:56:29,8.2
2019-01-15 19:56:41,8.21
2019-01-15 19:56:53,8.22
2019-01-15 19:57:05,8.21
2019-01-15 19:57:17,8.21
2019-01-15 19:57:29,8.21
2019-01-15 19:57:41,8.21
2019-01-15 19:57:53,8.21
2019-01-15 19:58:05,8.21
2019-01-15 19:58:17,8.21
2019-01-15 19:58:29,8.21
2019-01-15 19:58:41,8.21
2019-01-15 19:58:53,8.21
2019-01-15 19:59:05,8.21
2019-01-15 19:59:17,8.21
2019-01-15 19:59:29,8.2
2019-01-15 19:59:41,8.21
2019-01-15 19:59:53,8.21
2019-01-15 20:00:05,8.21
2019-01-15 20:00:17,8.2
2019-01-15 20:00:29,8.2
2019-01-15 20:00:41,8.2
2019-01-15 20:00:53,8.21
2019-01-15 20:01:05,8.2
2019-01-15 20:01:17,8.19
2019-01-15 20:01:29,8.2
2019-01-15 20:01:41,8.21
2019-01-15 20:01:53,8.2
2019-01-15 20:02:05,8.2
2019-01-15 20:02:17,8.21
2019-01-15 20:02:29,8.2
2019-01-15 20:02:41,8.2
2019-01-15 20:02:53,8.19
2019-01-15 20:03:05,8.21
2019-01-15 20:03:17,8.2
2019-01-15 20:03:29,8.2
2019-01-15 20:03:41,8.18
2019-01-15 20:03:53,8.19
2019-01-15 20:04:05,8.19
2019-01-15 20:04:17,8.19
2019-01-15 20:04:29,8.2
2019-01-15 20:04:41,8.19
2019-01-15 20:04:53,8.2
2019-01-15 20:05:05,8.19
2019-01-15 20:05:17,8.18
2019-01-15 20:05:29,8.18
2019-01-15 20:05:41,8.18
2019-01-15 20:05:53,8.2
2019-01-15 20:06:05,8.19
2019-01-15 20:06:17,8.19
2019-01-15 20:06:29,8.18
2019-01-15 20:06:41,8.18
2019-01-15 20:06:53,8.18
2019-01-15 20:07:05,8.18
2019-01-15 20:07:17,8.19
2019-01-15 20:07:29,8.18
2019-01-15 20:07:41,8.19
2019-01-15 20:07:53,8.18
2019-01-15 20:08:05,8.19
2019-01-15 20:08:17,8.17
2019-01-15 20:08:29,8.17
2019-01-15 20:08:41,8.18
2019-01-15 20:08:53,8.18
2019-01-15 20:09:05,8.18
2019-01-15 20:09:17,8.18
2019-01-15 20:09:29,8.18
2019-01-15 20:09:41,8.18
2019-01-15 20:09:53,8.17
2019-01-15 20:10:05,8.17
2019-01-15 20:10:17,8.17
2019-01-15 20:10:29,8.17
2019-01-15 20:10:41,8.17
2019-01-15 20:10:54,8.17
2019-01-15 20:11:06,8.16
2019-01-15 20:11:18,8.17
2019-01-15 20:11:30,8.17
2019-01-15 20:11:42,8.17
2019-01-15 20:11:54,8.16
2019-01-15 20:12:06,8.17
2019-01-15 20:12:18,8.16
2019-01-15 20:12:30,8.18
2019-01-15 20:12:42,8.17
2019-01-15 20:12:54,8.17
2019-01-15 20:13:06,8.17
2019-01-15 20:13:18,8.16
2019-01-15 20:13:30,8.16
2019-01-15 20:13:42,8.16
2019-01-15 20:13:54,8.16
2019-01-15 20:14:06,8.16
2019-01-15 20:14:18,8.17
2019-01-15 20:14:30,8.16
2019-01-15 20:14:42,8.16
2019-01-15 20:14:54,8.16
2019-01-15 20:15:06,8.16
2019-01-15 20:15:18,8.16
2019-01-15 20:15:30,8.16
2019-01-15 20:15:42,8.15
2019-01-15 20:15:54,8.16
2019-01-15 20:16:06,8.15
2019-01-15 20:16:18,8.16
2019-01-15 20:16:30,8.15
2019-01-15 20:16:42,8.15
2019-01-15 20:16:54,8.16
2019-01-15 20:17:06,8.13
2019-01-15 20:17:18,8.15
2019-01-15 20:17:30,8.1
2019-01-15 20:17:42,8.15
2019-01-15 20:17:54,8.15
2019-01-15 20:18:06,8.14
2019-01-15 20:18:18,8.15
2019-01-15 20:18:30,8.15
2019-01-15 20:18:42,8.15
2019-01-15 20:18:54,8.16
2019-01-15 20:19:06,8.15
2019-01-15 20:19:18,8.14
2019-01-15 20:19:30,8.15
2019-01-15 20:19:42,8.15
2019-01-15 20:19:54,8.14
2019-01-15 20:20:06,8.14
2019-01-15 20:20:18,8.15
2019-01-15 20:20:30,8.15
2019-01-15 20:20:42,8.13
2019-01-15 20:20:54,8.14
2019-01-15 20:21:06,8.15
2019-01-15 20:21:18,8.1
2019-01-15 20:21:30,8.14
2019-01-15 20:21:42,8.14
2019-01-15 20:21:54,8.13
2019-01-15 20:22:06,8.14
2019-01-15 20:22:18,8.14
2019-01-15 20:22:30,8.13
2019-01-15 20:22:42,8.14
2019-01-15 20:22:54,8.12
2019-01-15 20:23:06,8.15
2019-01-15 20:23:18,8.14
2019-01-15 20:23:30,8.12
2019-01-15 20:23:42,8.14
2019-01-15 20:23:54,8.13
2019-01-15 20:24:06,8.12
2019-01-15 20:24:18,8.11
2019-01-15 20:24:30,8.14
2019-01-15 20:24:42,8.13
2019-01-15 20:24:54,8.13
2019-01-15 20:25:06,8.12
2019-01-15 20:25:18,8.13
2019-01-15 20:25:30,8.12
2019-01-15 20:25:42,8.11
2019-01-15 20:25:54,8.12
2019-01-15 20:26:06,8.12
2019-01-15 20:26:18,8.13
2019-01-15 20:26:30,8.14
2019-01-15 20:26:42,8.13
2019-01-15 20:26:54,8.12
2019-01-15 20:27:06,8.12
2019-01-15 20:27:18,8.13
2019-01-15 20:27:31,8.11
2019-01-15 20:27:43,8.13
2019-01-15 20:27:55,8.11
2019-01-15 20:28:07,8.12
2019-01-15 20:28:19,8.11
2019-01-15 20:28:31,8.11
2019-01-15 20:28:43,8.11
2019-01-15 20:28:55,8.11
2019-01-15 20:29:07,8.12
2019-01-15 20:29:19,8.1
2019-01-15 20:29:31,8.09
2019-01-15 20:29:43,8.09
2019-01-15 20:29:55,8.1
2019-01-15 20:30:07,8.1
2019-01-15 20:30:19,8.11
2019-01-15 20:30:31,8.1
2019-01-15 20:30:43,8.12
2019-01-15 20:30:55,8.1
2019-01-15 20:31:07,8.12
2019-01-15 20:31:19,8.1
2019-01-15 20:31:31,8.11
2019-01-15 20:31:43,8.1
2019-01-15 20:31:55,8.1
2019-01-15 20:32:07,8.1
2019-01-15 20:32:19,8.09
2019-01-15 20:32:31,8.11
2019-01-15 20:32:43,8.1
2019-01-15 20:32:55,8.09
2019-01-15 20:33:07,8.09
2019-01-15 20:33:19,8.1
2019-01-15 20:33:31,8.1
2019-01-15 20:33:43,8.09
2019-01-15 20:33:55,8.1
2019-01-15 20:34:07,8.1
2019-01-15 20:34:19,8.08
2019-01-15 20:34:31,8.1
2019-01-15 20:34:43,8.1
2019-01-15 20:34:55,8.09
2019-01-15 20:35:07,8.11
2019-01-15 20:35:19,8.1
2019-01-15 20:35:31,8.09
2019-01-15 20:35:43,8.09
2019-01-15 20:35:55,8.08
2019-01-15 20:36:07,8.08
2019-01-15 20:36:19,8.08
2019-01-15 20:36:31,8.09
2019-01-15 20:36:43,8.1
2019-01-15 20:36:55,8.07
2019-01-15 20:37:07,8.07
2019-01-15 20:37:19,8.08
2019-01-15 20:37:31,8.1
2019-01-15 20:37:43,8.06
2019-01-15 20:37:55,8.1
2019-01-15 20:38:07,8.09
2019-01-15 20:38:19,8.08
2019-01-15 20:38:31,8.1
2019-01-15 20:38:43,8.06
2019-01-15 20:38:55,8.06
2019-01-15 20:39:07,8.08
2019-01-15 20:39:19,8.06
2019-01-15 20:39:31,8.08
2019-01-15 20:39:43,8.08
2019-01-15 20:39:55,8.06
2019-01-15 20:40:07,8.08
2019-01-15 20:40:19,8.06
2019-01-15 20:40:31,8.05
2019-01-15 20:40:43,8.07
2019-01-15 20:40:55,8.07
2019-01-15 20:41:07,8.05
2019-01-15 20:41:19,8.05
2019-01-15 20:41:31,8.08
2019-01-15 20:41:43,8.05
2019-01-15 20:41:55,8.07
2019-01-15 20:42:07,8.08
2019-01-15 20:42:19,8.07
2019-01-15 20:42:31,8.06
2019-01-15 20:42:43,8.04
2019-01-15 20:42:55,8.07
2019-01-15 20:43:07,8.05
2019-01-15 20:43:20,8.03
2019-01-15 20:43:32,8.07
2019-01-15 20:43:44,8.04
2019-01-15 20:43:56,8.07
2019-01-15 20:44:08,8.04
2019-01-15 20:44:20,8.06
2019-01-15 20:44:32,8.01
2019-01-15 20:44:44,8.06
2019-01-15 20:44:56,8.05
2019-01-15 20:45:08,8.06
2019-01-15 20:45:20,8.04
2019-01-15 20:45:32,8.03
2019-01-15 20:45:44,8.06
2019-01-15 20:45:56,8.05
2019-01-15 20:46:08,8.03
2019-01-15 20:46:20,8.04
2019-01-15 20:46:32,8.03
2019-01-15 20:46:44,8.03
2019-01-15 20:46:56,8.04
2019-01-15 20:47:08,8.06
2019-01-15 20:47:20,8.05
2019-01-15 20:47:32,8.03
2019-01-15 20:47:44,8.04
2019-01-15 20:47:56,7.99
2019-01-15 20:48:08,8.03
2019-01-15 20:48:20,8.04
2019-01-15 20:48:32,8.03
2019-01-15 20:48:44,8.04
2019-01-15 20:48:56,8.04
2019-01-15 20:49:08,8.02
2019-01-15 20:49:20,8.04
2019-01-15 20:49:32,8.04
2019-01-15 20:49:44,8.01
2019-01-15 20:49:56,7.92
2019-01-15 20:50:08,8.01
2019-01-15 20:50:20,8.04
2019-01-15 20:50:32,8.02
2019-01-15 20:50:44,8.02
2019-01-15 20:50:56,7.99
2019-01-15 20:51:08,8.02
2019-01-15 20:51:20,8.03
2019-01-15 20:51:32,8.01
2019-01-15 20:51:44,8.04
2019-01-15 20:51:56,8.01
2019-01-15 20:52:08,8.03
2019-01-15 20:52:20,7.99
2019-01-15 20:52:32,8.01
2019-01-15 20:52:44,8.01
2019-01-15 20:52:56,8.01
2019-01-15 20:53:08,8.0
2019-01-15 20:53:20,8.0
2019-01-15 20:53:32,7.99
2019-01-15 20:53:44,8.0
2019-01-15 20:53:56,8.01
2019-01-15 20:54:08,7.99
2019-01-15 20:54:20,8.0
2019-01-15 20:54:32,8.02
2019-01-15 20:54:44,8.01
2019-01-15 20:54:56,7.98
2019-01-15 20:55:08,8.03
2019-01-15 20:55:20,7.98
2019-01-15 20:55:32,8.03
2019-01-15 20:55:44,7.97
2019-01-15 20:55:56,7.99
2019-01-15 20:56:08,7.99
2019-01-15 20:56:20,7.99
2019-01-15 20:56:32,8.02
2019-01-15 20:56:44,7.99
2019-01-15 20:56:56,7.97
2019-01-15 20:57:08,7.99
2019-01-15 20:57:20,7.98
2019-01-15 20:57:32,7.99
2019-01-15 20:57:44,7.98
2019-01-15 20:57:56,7.99
2019-01-15 20:58:08,7.99
2019-01-15 20:58:20,7.97
2019-01-15 20:58:32,7.97
2019-01-15 20:58:44,7.97
2019-01-15 20:58:56,7.97
2019-01-15 20:59:08,7.97
2019-01-15 20:59:20,7.97
2019-01-15 20:59:32,7.98
2019-01-15 20:59:45,7.97
2019-01-15 20:59:57,7.97
2019-01-15 21:00:09,7.98
2019-01-15 21:00:21,7.98
2019-01-15 21:00:33,7.99
2019-01-15 21:00:45,7.95
2019-01-15 21:00:57,7.99
2019-01-15 21:01:09,7.89
2019-01-15 21:01:21,7.97
2019-01-15 21:01:33,7.98
2019-01-15 21:01:45,7.97
2019-01-15 21:01:57,7.97
2019-01-15 21:02:09,7.95
2019-01-15 21:02:21,7.96
2019-01-15 21:02:33,7.98
2019-01-15 21:02:45,7.97
2019-01-15 21:02:57,7.97
2019-01-15 21:03:09,7.97
2019-01-15 21:03:21,7.97
2019-01-15 21:03:33,7.97
2019-01-15 21:03:45,7.95
2019-01-15 21:03:57,7.86
2019-01-15 21:04:09,7.94
2019-01-15 21:04:21,7.91
2019-01-15 21:04:33,7.94
2019-01-15 21:04:45,7.95
2019-01-15 21:04:57,7.95
